Sr. No.,Machine,Material Description,Make,Qty used,Remark,Item Code,Available Stock in SAP as on 28.11.2022,On Order Stock as on 28.11.22,Remark,Order status
1,Brake Bleeding ,"TP177B PN/DP-6 CSTN, 1P 6AV66420BA011AX1",Siemens,1,HMI,6945,0,0,,
2,Brake Bleeding ,"PM-E ST, 6ES7 138-4CA01-0AA0",Siemens,4,,11032,3,3,,
3,Brake Bleeding ,"1 Count, 6ES7 138-4DA04-0AB0",Siemens,1,,,,,,
4,Brake Bleeding ,"1SI, 3964/ASCII, 6ES7 138-4DF01-0AB0",Siemens,3,,11791,1,1,,
5,Brake Bleeding ,"4 DI, 6ES7 131-4BD01-0AA0",Siemens,12,,13436,5,5,,
6,Brake Bleeding ,"8 DI, 6ES7 131-4BF00-0AA0",Siemens,2,,11786,1,1,,
7,Brake Bleeding ,"4 DO, 6ES7 132-4BD02-0AA0 ",Siemens,5,,13438,3,3,,
8,Brake Bleeding ,"8 DO, 6ES7 132-4BF00-0AA0",Siemens,3,,11787,4,4,,
9,Brake Bleeding ,"MOD 1,5-24/5, Art No. 85 657",MURR ELEKTRONIK,1,,,,,,
10,Brake Bleeding ,"PN0Z X2.7P, 24vAC/DC",Pilz,1,,,,,,
11,Brake Bleeding ,"DC 24v/20Amp, 6EP1 436-3BA10 06B3",Siemens,1,SMPS,,,,,
12,Brake Bleeding ,"Primary 200/550v, Secondary 2*115v, 2*8.7Amp, Art No. 168-0125",SBA ETKU,1,Transformer ,,,,,
13,Brake Bleeding ,"Burkert 2/2-way valve Type 2000, Part No. 162591",Burkert,5,,11611,1,1,,
14,Brake Bleeding ,"LIQUIPHANT T, FTL20-0120, DC PNP",Endress+Hauser,1,,,,,,
15,Brake Bleeding ,CPE14-M1BH-5/S-1/8 196940 B302 SOL VALVE,FESTO,1,,12013,1,1,,
16,Brake Bleeding ,"MPPE-3-1/4-10-420-B, 161171, B472",FESTO,1,,12014,1,1,,
17,Brake Bleeding ,"PEV-1/4-B-OD, 175250, C943",FESTO,1,,12008,1,1,,
18,Brake Bleeding ,VBA10A-F02,SMC,1,Booster ,11500,2,2,,
19,Brake Bleeding ,Burkert 3/2-way-solenoid valve Part No. 247686,Burkert,2,,,,,,
20,Brake Bleeding ,"Burkert KOMP Component, Part No. ID 632224",Burkert,2,,11990,1,1,,
21,Brake Bleeding ,"Burkert KOMP Component, Part No. ID 71194",Burkert,1,,11991,1,1,,
22,Brake Bleeding ,"222338, S.N. 1027",Burkert,1,,,,,,
23,Brake Bleeding ,"Burkert 2/2-way angle-seat valve ID 178684
( 1130 is phased out and substitute shall be 178684 )
",Burkert,1,,11612,1,1,,
24,Brake Bleeding ,"PTX 610, 250m Bar ABS, Supply 9-30 vDC, O/P 4-20 mAmp, S.N. 4070916, M0119646.01",DRUCK,1,Pressure Transmitter (Schenck Rotec),11646,0,0,,
25,Brake Bleeding ,"Burkert 2/2-way solenoid, Part No. 122865",Burkert,1,,11988,1,1,,
26,Brake Bleeding ,"Efector, 45128, Essen, LK 8123",IFM Electronic,1,,,,,,
27,Brake Bleeding ,"VC 0,2 E1 PS, 318443/30-1E-11",KRACHT,1,,,,,,
28,Brake Bleeding ,Burkert EPRO Part No. 784121,Burkert,2,,,,,,
29,Brake Bleeding ,"0313252, 100bar, D-code, B1102",NORGREN,3,,,,,,
30,Brake Bleeding ,"TRIVAC, D16B DOT",Oerlikon,1,Vacuum Pump,,,,,
31,Brake Bleeding ,"K21R, 80 K4/4764, 50Hz, 0.55kw, 1.6Amp",VEM,1,Motor,,,,,
32,Brake Bleeding ,"Burkert 2/2-way solenoid, Part No. 122804",Burkert,1,,11989,1,1,,
33,Brake Bleeding ,"parflex, 540 N-8, WP 14,0 Mpa <2000 PSI>, SAE100R7, DN12, Q1/13KI2A22",Parker,2,Hose pipe,,,,,
34,Brake Bleeding ,"533347, B502",FESTO,5,,12006,1,1,,
35,Brake Bleeding ,"CPX-GE-EV, 195742, B4, 738380",FESTO,6,Festo Module (Shreenath automation),12010,4,4,,
36,Brake Bleeding ,"CPX-FB13, 195740, B507, R28",FESTO,1,,12009,0,0,,
37,Brake Bleeding ,"CPX-GE-EV-Z, 195744, AO, 738381",FESTO,1,,12011,1,1,,
38,Brake Bleeding ,"CPX-AB-4-M 12*2-5 POL, 195704, B3, 645908",FESTO,6,,2111,1,1,,
39,Brake Bleeding ,"CPX-AB-4-M12-5 POL, 195704, X4, 645908",FESTO,1,,12016,0,0,,
40,Brake Bleeding ,"CPX-GE-EV-S, 195746, B5, 738382",FESTO,1,,12015,1,1,,
41,Brake Bleeding ,"533346, B502",FESTO,1,Festo Module,12007,1,1,,
42,Brake Bleeding ,"MPA1-FB-EMS-8, 533360, B507, R09",FESTO,2,,12012,1,1,,
43,Brake Bleeding ,CPX-FB13 195740 J502 R33 21073719 MODULE,FESTO,1,"FESTO Profibus Module
(Profibus connector connect in this module for comm.)",19950,1,1,,
44,Brake Bleeding ,"AMH 80Z AA4 CC 046A, IEC 60034, 50Hz, 0.75kw, 1.8 amp, 1435rpm",LAFERT,1,Motor,,,,,
45,Brake Bleeding ,"Filter element 10 micron, P120",MAHLE,1,Filter Mahle (Rajesh Trade),8013,0,0,,
46,Brake Bleeding ,"NRV G1/4, S/521",NORGREN,1,,,,,,
47,Brake Bleeding ,"Seal kit complete, M0310242.01",DURR,1,Adaptor Seal Kit,11649,1,1,,
48,Brake Bleeding ," Seal Kit Adaptor Head Clutch, M0351298.51",DURR,1,Adaptor Seal Kit (Schenck Rotec),11650,1,1,,
49,Brake Bleeding ,"PR.Transmitter, M0315901.01, PTX 5072 0.25",DRUCK,1,(Schenck Rotec),11645,0,0,,
50,Brake Bleeding ,"Vaccum Sensor,  (0-1000 mb)",,1,(Schenck Rotec),8573,1,1,,
51,Brake Bleeding ,463519 2/2-WAY VALVE TYPE2000 BURKRT MAK,Burkert,20,Line (Trumen),11610,0,0,,
52,Brake Bleeding ,11406 D16B-DOT4 3~MOT 6506939,Leybold,2,Vacuum Pump,11729,1,1,,
53,Brake Bleeding ,20039059 GASKET SET F.BRAKE FLUID TRIVAC,Leybold,2,Vacuum Pump repair kit,11725,1,1,,
54,Brake Bleeding ,BRAKE OIL FILLING INTERMIDIATE PART,Local Develop,2,INTERMIDIATE PART,15391,1,1,,
55,Brake Bleeding ,MS4-EM1-1/4-S FESTO ON OFF VALVE,,2,Festo Air Unit on Door,14811,1,1,,
56,Brake Bleeding ,MS4-LFR-1/4-D7-CRM-AS PN-529152 FLT REGU,,2,Festo Air Unit on Door,12677,1,1,,
57,Brake Bleeding ,MS4-LFM-1/4-BRM-DA 536818 FINE FILTER,,2,Festo Air Unit on Door,12678,0,0,,
58,Brake Bleeding ,ES20010656 VANE TRIVAC D16B 2 PIECES,OERLIKON,5,Vacuum pump VANE D16BDOT pump,11727,1,1,,
59,Brake Bleeding ,EK110002100 MAJOR MAINTENANCE KIT D16B,OERLIKON,5,D16B Seal Kit,17199,2,2,,
60,Brake Bleeding ,31251TE D16T 3PH WIDE RANGE MOTOR LVO100,OERLIKON,5,Motor,17200,1,1,,
61,Brake Bleeding ,EK88819725 REPAIR KIT D16T,OERLIKON,5,D16T Seal Kit,17201,,0,,
62,Brake Bleeding ,M0310029.01 LOCATOR,DURR,1,Locator,18091,0,0,,
63,Brake Bleeding ,M0310033.01 BALL PIECE,DURR,1,Levelling pin ball piece,18095,0,0,,
64,Brake Bleeding ,M0112369.01 ADAPTER HEAD PLATE,DURR,1,Plate head,18094,0,0,,
65,Brake Bleeding ,M0118062.01 P-SEALING UNIT XGV-2000-000D,DURR,1,Vacuum valve,16549,1,1,,
66,Brake Bleeding ,M0310030.01 CLAMPING CLAWS,DURR,1,Clamoing claw,18090,0,0,,
67,Brake Bleeding ,M0112263.01 TUBE 414-5010:016 AD-ST,DURR,1,Tube,16538,0,0,,
68,Brake Bleeding ,M0310129.01 GUIDE CONE,DURR,1,Guide cone,18093,0,0,,
69,Brake Bleeding ,M0126484.01 LOCKING RING,DURR,1,"Locking ring
Circlip",18092,0,0,,
70,Brake Bleeding ,M0115490.01 PISTON SEAL 12.0X9.1X2.4 T24,DURR,1,Piston seal,16536,0,0,,
71,Brake Bleeding ,"Communication cable for above (FESTO Profibus Module, CPX-FB13, 195740, J502, R-33, 21073719 Cable model NEFC-M12G5-0.3-U1G5",FESTO,1,Communication cable for FESTO profibus module,12776,1,1,,
72,Power Steering Oil Filling,"Vacuum Pump, Model ED-21 3PH.MOTOR",HIND HIVAC,1,Vacuum Pump,9721,0,0,,
73,Power Steering Oil Filling,Seal Kit for Filling 290/PAS/ADPTSEAL/02,Piecon,1,Adaptor Seal Kit,11872,2,2,,
74,Power Steering Oil Filling,"Pressure Sensor, 0-6 BAR S11 WIKA",WIKA,1,Pressure Sensor,11873,1,1,,
75,Power Steering Oil Filling,"Transmitter, 8356356,  S-11WIKA 0-250MBAR",WIKA,1,Vacuum Sensor,14303,0,0,,
76,Power Steering Oil Filling,"TP1200 Comfort, 6AV2 124-0MC01-0AA0",Siemens,1,HMI,,,,,
77,Power Steering Oil Filling,"PM-E ST, 6ES7 138-4CA01-0AA0",Siemens,1,Power supply module,11032,3,3,,
78,Power Steering Oil Filling,"8 DO SINK, 6ES7 132-4BF50-0AA0 ",Siemens,4,,,,,,
79,Power Steering Oil Filling,"4 AI, 6ES7 134-4GD00-0AB0",Siemens,1,,13439,2,2,,
80,Power Steering Oil Filling,"I/P 230v AC, O/P 24v DC, 15amp",,1,SMPS,,,,,
81,Power Steering Oil Filling,"FLOWPET-EG, LS 5276-4 OB, Bore Size 25mm",OVAL,1,Flow Meter,,,,,
82,Power Steering Oil Filling,PRESSURE  SWITCH   ISE30A-01-A-LA1,SMC,1,Air pressure switch,11579,0,0,,
83,Power Steering Oil Filling,"Type 900-0077, Range 0-6 bar, 30T70",PRESSOSTAT,1,,11874,0,0,,
84,Power Steering Oil Filling,I-VNB-211A-F15A-5DZ,SMC,20,Solenoid Valve,,,,,
85,Power Steering Oil Filling,MFSG-N32,Techtrol,3,Float Switch,11869,0,0,,
86,Power Steering Oil Filling,FGSO-J1401WW,Techtrol,1,Level Switch,11870,1,1,,
87,Power Steering Oil Filling,HFR10-25,Hydroline,1,Filter Element,11871,1,1,,
88,Power Steering Oil Filling,SOLENOID VALVE SQ2131N-51-C6,SMC,5,Manifold Valve,11967,1,1,,
89,Power Steering Oil Filling,"SS5Q2-X5M114, Max Pressure 0.7 Mpa, PP3430",SMC,1,Main Valve,11966,1,1,,
90,Power Steering Oil Filling,"I-IR2000-02BG1, PW, 010230",SMC,2,Pressure Regulator,11968,0,0,,
91,Power Steering Oil Filling,"I-VNB211A-F15A-5DZ, PP2688, PW",SMC,1,Process Valve,,,,,
92,Power Steering Oil Filling,VNB211A-F15A-5DZ,SMC,2,Process Valve,11584,2,2,,
93,Power Steering Oil Filling,"I-VNB211A-F15A-5DZ, PP2653, PW",SMC,6,Process Valve,,,,,
94,Power Steering Oil Filling,"I-AR20-02BG1, Max Pressure 1.0 Mpa, QR",SMC,1,Pressure Regulator,11582,18,18,,
95,Power Steering Oil Filling,SOLENOID  VALVE VQ7-6-FG-S-3ZRA02,SMC,2,,11580,1,1,,
96,Power Steering Oil Filling,DIGITAL PR.  SWITCH  ISE40A-01-T-A-X501,SMC,1,Digital pressure switch,11578,0,0,,
97,Power Steering Oil Filling,"Standard-JEC-2137-2000, Type-Y80M-4L-DZ, 0.75 KW, 1.9 AMP, 1410 RPM",TOSHIBA,1,Motor,,,,,
98,Power Steering Oil Filling,"Booster, VBA10A-02GN",SMC,1,Adaptor Clamp,11500,2,2,,
99,Power Steering Oil Filling,290/PAS/GUN WITH HOSE FOR P/S OIL FILLIN,Piecon,1,Complete Adaptor,14993,0,0,,
100,Power Steering Oil Filling,VACUFLEX HOSE COVER DIA 2 INCH,Piecon,1,Hose pipe for filling adaptor,14544,0,0,,
101,Power Steering Oil Filling,GUN PUSH BUTTON SQUARE TYPE RED & GREEN,Piecon,1,Red / Green Start / Stop PB,14216,0,0,,
102,Power Steering Oil Filling,OIL PUMP LM2203A-42-C2 INGERSOLL RAND,IR ARO,1,Oil transfer pump from drum to machine tank,11766,1,1,,
103,Wheel Nut Runner,SUSPENSION ROD FEMALE FOR WHEEL NUT LD,Local Develop,4,,11846,6,6,,
104,Wheel Nut Runner,SUNPENSION ROD MALE FOR WHEEL NUT LD,Local Develop,4,,11845,7,7,,
105,Wheel Nut Runner,BEARING TLA 4020Z IKO JAPAN for Wheel Nut & ATS Wheel ,IKO,8,Bearing,11469,32,32,Ordered 50nos.,
106,Wheel Nut Runner,HOUSING FOR WHEEL NUT SYSTEM LD LINE,Local Develop,4,,5870,0,0,2no. To be ordered,
107,Wheel Nut Runner,Barcode scanner,Bar Code India,1,,12309,0,0,Not required Zebra scanner installed,
108,Wheel Nut Runner,"Main Cylinder, MNBB100-400-B-X1P3BCWA",SMC,2,Cylinder (Main),6412,1,1,to be ordered,
109,Wheel Nut Runner,"Seal kit for Cylinder (Main), MNBB100-400-B-X1P3BCWA, SMC",SMC,2,Cylinder (Main),13616,2,2,,
110,Wheel Nut Runner,MGPL16-30-Z73 PNEUMATIC CYLINDER,SMC,2,6-Bolt Selection Cylinder,15108,1,1,to be ordered,
111,Wheel Nut Runner,CDQ2A50-40DMZ-A73 SMC COMPACT CYLINDER,SMC,4,5 & 8-Bolt Selection Cylinder,7501,2,2,,
112,Wheel Nut Runner,SS5Y7-X1V2023 PNEUMATIC VALVE BANK,SMC,2,Valve Assy. (Mount in drum),15107,1,1,,
113,Wheel Nut Runner,D-A73-LUG REED SWITCH,SMC,8,Reed Swich for Cylinder 5 & 8 Bolt,15109,6,6,to be ordered,
114,Wheel Nut Runner,D-Z73-LUG REED SWITCH,SMC,8,Reed Swich for Cylinder 6 Bolt + Brake Cyl. Top Side,15110,6,6,,
115,Wheel Nut Runner,"Rail Locking Cylinder, MDBB63-75-Z73",SMC,4,Top Side Rail Locking Cylinder,6411,2,2,,
116,Wheel Nut Runner,"KTP1000 Basic DP, 6AV6 647-0AE11-3AX0",Siemens,2,HMI LH & RH Side,12074,2,2,,
117,Wheel Nut Runner,"30597, End Truck Assy.",IR,8,Tolley,14070,8,8,to be ordered,
118,Wheel Nut Runner,7355226401  APEX DC SPINDLE FOR WHEELNUT,Apex,4,Spindle,15352,0,0,to be ordered,OLD spindle (73552B3602K1MSZ1250A) remove due to Angle encoder fault on 04.01.2022 & fitted NEW spindle (735524B360K1MSZ1250A)
,Wheel Nut Runner,Transducer for 7355226401  APEX DC SPINDLE FOR WHEELNUT,Apex,,,,,,to be ordered,
,Wheel Nut Runner,Motor for 7355226401  APEX DC SPINDLE FOR WHEELNUT,Apex,,,,,,to be ordered,
119,Wheel Nut Runner,MPro400GC-M CONTROLLER,Apex,2,Controller,15186,1,1,,
120,Wheel Nut Runner,960432-300 CABLE WITH 30 M LENGTH,Apex,4,Spindle cable,15187,1,1,,
121,Wheel Nut Runner,VM430-01-015 MECHANICAL VALVE,SMC,2,,15178,1,1,,
122,Wheel Nut Runner,PS8400ATX-ZE POWER SUPPLY 80+,Advantech,1,CPU power unit SMPS,12797,0,0,to be ordered,
123,Wheel Nut Runner,SOLENOID VALVE SY7220-5DZ-02,SMC,10,Pneumatic Valve in Drum,12364,1,1,to be ordered,
124,Wheel Nut Runner,PLC S7-300 CPU313C-2DP  (33-6CF030AB0),Siemens,1,,,,,,
125,Wheel Nut Runner,IM Module 151--1 6ES7 151AA050AB0,Siemens,2,,11790,1,1,,
126,Wheel Nut Runner,6ES79720BB420XA0 PROFIBUS CONNECTOR,Siemens,4,,15477,,0,,
127,Wheel Nut Runner,1x2x0.64 SQMM PROFIBUS CABLE LAPP MAKE,Siemens,100,,13685/ 3790,25 / 100,25 / 100,,
128,Wheel Nut Runner,LM Block,,,,,,,,
129,Wheel Nut Runner,LM Rail,,,,,,,,
130,Wheel Nut Runner,Pressure regulator,,,,,,,,
131,Wheel Nut Runner,STM-34 Drive,,,,,,,,
132,Wheel Nut Runner,PC,,,,,,,,
133,Wheel Nut Runner,PCD selection LM Rail,,,,,,,,
134,Wheel Nut Runner,PCD selection LM Block,,,,,,,,
135,Wheel Nut Runner,SOLENOID VALVE SY7220-5LZ-C10,SMC,2,Pneumatic Valve in Drum,20383,0,3,to be ordered (17074),
136,Wheel Nut Runner,VBA40A-04GN BOOSTER,SMC,1,Booster ,6193,0,0,,
137,Wheel Nut Runner,REPLACEMENT PART KIT KT-VBA40A-1,SMC,1,Booster seal kit,12049,2,2,,
138,Chassis Conveyor,Shear Pin for LCV Conveyor,Local Develop,25,Shear Pin,8641,169,169,,
139,Chassis Conveyor,SHEAR PIN SPROCKET 37T DIA 465x23.5TH,Praja,1,Shear Pin Sprocket,11197,1,1,,
140,Chassis Conveyor,10911S023/3 MAIN SPROCKET 8T 250MM PITCH,Praja,1,Main Sprocket,16682,1,1,,
141,Chassis Conveyor,"10911S023/6 SPROCKET 1.5"" PITCH 14 TEETH",Praja,1,,16694,1,1,,
142,Chassis Conveyor,"10911S023/D ROLLER CHAIN 1.5"" SIMPLEX",Praja,,,16695,0,0,,
143,Chassis Conveyor,10911S023/D1 CHAIN LOCK ROLLER CHAIN 1.5,Praja,,,16696,5,5,,
144,Chassis Conveyor,10911S021/3 MAIN SPROCKET 8T 250MM PITCH,Praja,,,16697,1,1,,
145,Chassis Conveyor,"10911S032/6 SPROCKET 20T 1"" PITCH 162PCD",Praja,,,16698,1,1,,
146,Chassis Conveyor,10911S032/5 ROLLER DIA 140 x 50 LG,Praja,,,16699,4,4,,
147,Chassis Conveyor,10911S032/4 SHAFT DIA 50 x 1538 LG,Praja,,,16700,1,1,,
148,Chassis Conveyor,"10911S032/C CHAIN 1"" P",Praja,,,16701,1,1,,
149,Chassis Conveyor,"10911S032/C1 CHAIN LOCK FOR CHAIN 1"" P",Praja,,,16702,5,5,,
150,Chassis Conveyor,10911S053/4 SHAFT DIA 48 x 1110 LG,Praja,,,16703,1,1,,
151,Chassis Conveyor,10911S053/6 SHAFT DIA 38 x 207 LG,Praja,,,16704,1,1,,
152,Chassis Conveyor,10911S053/8 PIN DIA 34 x 68 LG,Praja,,,16705,1,1,,
153,Chassis Conveyor,10911S081/2 LOAD PIN,Praja,,,16706,2,2,,
154,Chassis Conveyor,10911S053/6 SHAFT DIA 25 x 270 LG,Praja,,,16707,1,1,,
155,Chassis Conveyor,10911S018/3 MAIN SPROCKET 8T 250MM PITCH,Praja,,,16708,1,1,,
156,Chassis Conveyor,10911S016/3 MAIN SPROCKET 8T 250MM PITCH,Praja,,,16709,1,1,,
157,Chassis Conveyor,"10911S020/1 SHEAR PIN SPROCKET 37T 1.5""P",Praja,,,16710,0,0,,
158,Chassis Conveyor,"10911S020/4 SPROCKET 1.5"" PITCH 14 TEETH",Praja,,,16711,1,1,,
159,Chassis Conveyor,"10911S026/D DRIVE CHAIN 3/4"" P LG",Praja,,,16712,0,0,,
160,Chassis Conveyor,"10911S026/D1 CHAIN LOCK FOR CHAIN 3/4"" P",Praja,,"Shuttle car chain conveyor, chain lock",16713,3,3,,
161,Chassis Conveyor,"SPROCKET 20T 3/4"" PITCH",Praja,,,13618,2,2,,
,Chassis Conveyor,"SPROCKET 12T 1.5"" PITCH",Praja,,,13619,2,2,,
160,Chassis Conveyor,"10911S026/A CHAIN 1.5"" P 40'-6"" LG",Praja,,,16714,1,1,,
161,Chassis Conveyor,"10911S026/A1 CHAIN LOCK FOR CHAIN 1.5"" P",Praja,,,16715,5,5,,
162,Chassis Conveyor,"Sensor, NBB20-L2-E2-V1, Part No. 187481, 10-30vDC",PEPPERL+FUCHS,10,Sensor,10041,12,12,,
163,Chassis Conveyor,T-Head Pin for LCV Conveyor,Praja,1000,T-Pin,9498,221,221,,
164,Chassis Conveyor,"Chassis Conveyor Drive Unit Sprocket, 10911D023R2/6, 14T 1/2"" P",Praja,2,Sprocket,12633,0,0,,
165,Chassis Conveyor,VFD Power Module 6SL3224-OBE13-7UAO,Siemens,1,,13532,1,1,,
166,Chassis Conveyor,VFD control unit 6SL3244-0BB00-1BA1,Siemens,1,,11804,1,1,,
167,Chassis Conveyor,"Plummer block (Tension unit) UCT215 D1 , NTN",NTN,2,Plummer Block,9799,0,0,,
168,Chassis Conveyor,"SIMPLEX ROLLER CHAIN PITCH 1 1/2""x 3.05M",Praja,1,,11161,0,0,,
169,Chassis Conveyor,"SIMPLEX ROLLER CHAIN PITCH 3/4"" x 3.05 M",Praja,1,,11159,1,1,,
170,Chassis Conveyor,"SIMPLEX ROLLER CHAIN PITCH 1"" x 3.05 M",Praja,,,11160,0,0,,
171,Chassis Conveyor,"SIMPLEX  CHAIN HALF LOCK 3/4""",Praja,,,11162,15,15,,
172,Chassis Conveyor,"SIMPLEX  CHAIN HALF LOCK 1""",Praja,,,11163,0,0,,
173,Chassis Conveyor,"SIMPLEX  CHAIN HALF LOCK 1 1/2""",Praja,,,11164,0,0,,
174,Chassis Conveyor,"SIMPLEX  CHAIN FULL LOCK 3/4""",Praja,,,11165,10,10,,
175,Chassis Conveyor,"SIMPLEX  CHAIN FULL LOCK 1""",Praja,,,11166,0,0,,
176,Chassis Conveyor,"SIMPLEX  CHAIN FULL LOCK 1 1/2""",Praja,,,11167,0,0,,
177,Chassis Conveyor,Pin for LCV Conveyor,Praja,1000,,9499,29,29,,
178,Chassis Conveyor,CHASSIS CONVEYOR PUSHER,Praja,250,,11091,6,6,,
179,Chassis Conveyor,"OUTER LINK FOR LCV CONVEYOR CHAIN 12"" P",Praja,1000,,100045,1,1,,
180,Chassis Conveyor,"INNER LINK FOR LCV CONVEYOR CHAIN 12"" P",Praja,1000,,100047,0,0,,
181,Chassis Conveyor,ROLLER FOR LCV CONVEYOR,Praja,2500,,3554,43,43,,
182,Chassis Conveyor,BUSH FOR LCV CONVEYOR,Praja,2500,,100031,50,50,,
183,Chassis Conveyor,6ES72920BB420XA0 PROFIBUS CONNECTOR,Siemens,25,,100624,9,9,,
184,Chassis Conveyor,6XV18300EH10 PROFIBUS CABLE,Siemens,200 mtr,,3790,100,100,,
185,Chassis Conveyor,6ES79538LG200AA0 MMC CARD 512KB,Siemens,,,8774,1,1,,
186,Chassis Conveyor,6SL3224OBE222UAO PM 240 SINAMICS ,Siemens,1,Chassis Conveyor VFD Power Module,11792,2,2,,
187,Chassis Conveyor,6SL32440BB001PA1 CONTROL UNIT G120 SINAM,Siemens,1,Chassis Conveyor VFD Control Unit,15831,1,1,,
188,Chassis Conveyor,Gear Motor 2.20 KW R107R77DRS90L4,SEW,1,Chassis conveyor motor ,NA,,,,
189,Chassis Conveyor,6AV66470AC113AXO HMI KTP 600 SIEMENS,Siemens,1,Rollout HMI,11011,2,2,,
190,Chassis Conveyor,3TF3010-0BB4 CONTACTOR 24VDC,Siemens,10,"Contactor 24v DC Coil, 9 Amp",14278,5,5,,
191,Chassis Conveyor,NA2-N20-P-1 LIGHT CURTAIN,Panasonic,1,Bump prevention sensor,16693,1,1,,
192,Chassis Conveyor,BALL BEARING 6203 ZZ,SKF,500,Conveyor roller bearing,3594,74,74,,
193,Chassis Conveyor,SHEAR PIN SPROCKET 37T DIA 465x23.5TH,Praja,1,Sprocket Chassis conveyor roll out,11197,1,1,,
194,Chassis Conveyor,"10911D023R2/6 DRIVE SPROCKET 14T 1/2"" P",Praja,1,Chassis Line Roll Out Motor Sprocket 14 Teeth,12633,0,0,,
195,Chassis Conveyor,CHASSIS CONVEYOR ROLLER PIN,Praja,500,,11092,18,18,,
196,Chassis Conveyor,SERVO MESH SP220,Indian Oil,50,Gear Box Oil ,4320,4,4,,
197,Chassis Conveyor,CHAIN ROLLER,Praja,1000,Conveyor roller with bearing,11086,150,150,,
198,Scissor Lift,ROLLER DIA 80 x 32,Praja,8,,11775,0,0,,
199,Scissor Lift,PIN DIA 16 x 74,Praja,8,,11776,0,0,,
200,Scissor Lift,BUSH DIA 20 x 49,Praja,8,,11777,0,0,,
201,Scissor Lift,SCISSOR LIFT MAIN ROLLER,Praja,8,,15533,4,4,,
202,Scissor Lift,ROLL PIN FOR SCISSOR LIFT,Praja,8,,15534,3,3,,
203,Scissor Lift,HYDRAULIC PUMP FOR SCISSOR LIFT,Praja,2,,15535,1,1,,
204,Frame Assembly Conveyor ,FRAME CONVEYOR ROLLER PIN,Praja,300,Conveyor roller pin,11087,0,,,
205,Frame Assembly Conveyor ,FRAME CONVEYOR PUSHER,Praja,300,,11085,0,0,,
206,Frame Assembly Conveyor ,ITAF000355 PUSHER DOG,Praja,1,OLD frame assy conveyor pusher dog,17630,2,2,,
207,Frame Assembly Conveyor ,ITAF000353 PUSHER DOG,Praja,1,New frame assy conveyor pusher dog,17631,2,2,,
208,Scissor Lift Hyd Power Pack,DPRH-06S-315 PRESSUR RELIEF VALVE,POLYHYDRON,4,Pressure relief valve,6355,1,1,,
209,Scissor Lift Hyd Power Pack,DSG-03-3C60-D24-N1-50 DC VALVE,Yuken,2,Solenoid valve ,15325,2,2,,
210,Scissor Lift Hyd Power Pack,CHECK VALVE SANDWITCH TYPE - CIM-10-AB1-24,POLYHYDRON,2,Check valve ,17858,2,2,,
211,New Frame Assy Con,6SL3210-1PE14-3UL1 POWER MODULE,Siemens,1,New Frame Assy Con VFD Power Module,17669,2,2,,
212,New Frame Assy Con,6SL32440BB121FA0 G120-CU240E-2PN,Siemens,1,New Frame Assy Con VFD Control Unit,11796,0,0,,
213,New Frame Assy Con,6AV21232JB030AX0 HMI KTP 900,Siemens,1,New Frame Assy Con HMI,18520,1,1,,
214,New Frame Assy Con,"6EP13341LD00 SMPS 12.5A, 24VDC",Siemens,1,New Frame Assy Con SMPS,17781,2,2,,
215,OLD Frame Assy Con,6SL3224-0BE21-1UA0 SINAMICS G120 PM240,Siemens,1,OLD Frame Assy Con VFD Power Module,13485,2,2,,
216,OLD Frame Assy Con,"KTP 1000 Basic PN, 6AV6 647-0AF11-3AX0",Siemens,1,OLD Frame Assy Con HMI,15283,1,1,,
217,OLD Frame Assy Con,6SL32440BB001PA1 CONTROL UNIT G120 SINAM,Siemens,1,OLD Frame Assy Con VFD Control Unit,15831,1,1,,
218,Shuttle Car,6SL3244OBB121BA1 SIEMENS CU240E-2,Siemens,1,Shuttle Car Chain Con,11793,1,1,,
219,Shuttle Car,6SL3244OBB121BA1 SIEMENS CU240E-2,Siemens,1,Shuttle Car For/Rev,11793,1,1,,
220,Shuttle Car,6SL32101PE180UL1 POWER MODULE PM240-2,Siemens,1,Shuttle Car For/Rev,11793,1,1,,
221,Shuttle Car,DRS WHEEL BLOCK :DRS125A35-A60-K-X-A20,Demag,2,Shuttle car DRS drive wheel,11195,2,2,,
222,Shuttle Car,SPLINE SHAFT ASSLY. INNER LINK FOR MOTOR,Praja,1,Shuttle Car,16013,1,1,,
223,Shuttle Car,MANIFOLD FOR SCISSOR LIFT POWER PACK,Praja,1,Shuttle Car,16014,1,1,,
224,Shuttle Car,DRIVE SHAFT DIA 42 X 465 LG,Praja,1,Shuttle Car,16015,1,1,,
225,Shuttle Car,TAKE UP SHAFT DIA 42 X 300 LG,Praja,1,Shuttle Car,16016,1,1,,
226,Shuttle Car,GUIDE ROLLER ASSEMBLY,Praja,1,Shuttle Car,16017,1,1,,
227,Shuttle Car,PUSHER DOG FOR TRANSFER CAR,Praja,1,Shuttle Car,13617,0,0,,
228,Transfer Trolley Car,6SL3224-0BE13-7UA0 SINAMICS G120 PM240,Siemens,1,Transfer Trolley Car VFD Power Module ,13484,2,2,,
229,Transfer Trolley Car,6SL32440BB001BAI CONTROL UNIT CU240,Siemens,1,Transfer Trolley Car VFD Control Unit,11804,1,1,,
230,Transfer Trolley Car,DSBC 100-1050 PPVA N3 CYLINDER  1463520,FESTO,1,Empty Trolley Pusher cylinder ,15114,1,1,,
231,Plate Number Puching ,"PIN IMPACT 150SA 45DEG, 41675-TMP3200",Telesis,1,For HD Line not use in LMD ,11201,0,0,,
232,Plate Number Puching ,"Belt set for X & Y axis, TMP-3200",Telesis,1,,14619,1,1,,
233,Plate Number Puching ,Board assembly for TMP-3200,Telesis,1,,14617,1,1,,
234,Plate Number Puching ,Steeper motor X axis for TMP-3200,Telesis,1,,11411,1,1,09.09.2021,
235,Plate Number Puching ,Steeper motor Y axis for TMP-3200,Telesis,1,,11412,1,1,,
236,Plate Number Puching ,Controller TMC420,Telesis,1,,10510,0,0,,
237,Plate Number Puching ,MARKER CABLE ASSY. 16M FOR TMP3200,Telesis,1,,4080,0,0,,
238,Plate Number Puching ,TELESIS SOLENOID VALVE TMP 3200,Telesis,1,,10203,1,1,,
239,Plate Number Puching ,POWER SUPPLY CARD FDR0300123 TELESIS 420,Telesis,2,,12036,2,2,,
240,Plate Number Puching ,KEY BOARD TELESIS 420 MARKING,Telesis,1,,10117,2,2,,
241,Plate Number Puching ,PIN CARTRIDGE TMP 3200,Telesis,1,For HD Line not use in LMD ,10118,2,2,,
242,Plate Number Puching ,X-Y SENSOR TMC 420,Telesis,1,,10119,0,0,,
243,Plate Number Puching ,"TELESIS PIN 25 C (PIN, IMPACT, 25L, CARBIDE, 45 Deg)",Telesis,1,For LMD Line,10202,0,0,"TELESIS PIN 25 S (PIN, IMPACT, CARBIDE, 45 Deg) Details on Pin 36513, 57895-0721",
244,Plate Number Puching ,BATTERY FOR TMC 420,Telesis,1,,10595,2,2,,
245,Plate Number Puching ,X-AXIS BELT 160 FOR TMP 3200,Telesis,1,,5421,1,1,09.09.2021,
246,Plate Number Puching ,Y-AXIS BELT 190 FOR TMP 3200,Telesis,1,,5428,2,2,,
247,Plate Number Puching ,SENSOR FOR X AXIS FOR TMP 3200,Telesis,1,,10482,1,1,,
248,Plate Number Puching ,SENSOR FOR Y AXIS FOR TMP3200,Telesis,1,,10483,2,2,09.09.2021,
249,Plate Number Puching ,KEYPAD PCB FOR TMC 420 CONTROLLER,Telesis,1,,16683,0,0,,
250,Plate Number Puching ,POWER ENTRY MODULE FOR TMC420 CONTROLLER,Telesis,1,,16684,0,0,,
251,Plate Number Puching ,EXTENSION CABLE 10M FOR TMP3200 LAPP,Telesis,1,,16685,1,0,,
252,Plate Number Puching ,TMC 470 CONTROLLER,Telesis,1,,18770,1,0,,
253,Plate Number Puching ,CARTRIDGE 25 L FOR TMP 3200 HEAD,Telesis,1,,18771,0,0,,
254,Frame Number Punching,Stylus pin L60 deep marking,SIC,2,,14507,2,0,,
255,Frame Number Punching,Stylus spring for L60 deep marking,SIC,2,,14509,11,0,,
256,Frame Number Punching,Stylus guide for L60 deep marking,SIC,2,,14508,2,0,,
257,Frame Number Punching,4100399 SOLENOID ASSEMBLY DEEP MARKING,SIC,2,P123,14510,1,0,,
258,Frame Number Punching,3100106 ROBOTIC CABLE 10 M FOR P62/P122,SIC,2,For P122 Marking Head,6396,1,0,,
259,Frame Number Punching,2230098 P122 MECHANICAL SESOR For Frame Punching MC ,SIC,4,,10959,2,0,,
260,Frame Number Punching,2230099 P122 MECHANICAL SESOR For Frame Punching MC ,SIC,4,,10960,0,0,,
261,Frame Number Punching,3200003 SOLENOID ASSEMBLY,SIC,2,,10750,0,0,,
262,Frame Number Punching,3100007-X AXIS MOTOR,SIC,2,,5947,1,0,,
263,Frame Number Punching,2230003 Y-AXIS MOTOR,SIC,2,P120 (X & Y axis motor common),10259,0,1,,
264,Frame Number Punching,2120003 P120 screw pully,SIC,1,,10964,1,0,,
265,Frame Number Punching,2120002 BELT - P120,SIC,1,,13780,1,0,,
266,Frame Number Punching,2120005 MOTOR GEAR,SIC,1,"P122, P120",6272,0,0,,
267,Frame Number Punching,2120001 LEADING SCREW,SIC,1,,14330,0,0,,
268,Frame Number Punching,3100013 WIRED START SWITCH EP 7,SIC,3,,10968,3,0,,
269,Frame Number Punching,4300314 STYLUS ASSEMBLY L60 90 DEG SHARP,SIC,1,P122 Marking Head,10256,0,0,,
270,Frame Number Punching,1110001 SCREW SUPPORT PLATE P120,SIC,1,,14479,0,0,,
271,Frame Number Punching,1120002 GEAR SECTION PART P-120,SIC,1,,14480,1,0,,
272,Frame Number Punching,1120284 CORE E9DP62/E9DP122/P-123 DEEP,SIC,1,,15155,1,0,,
273,Frame Number Punching,2230095 Female Connector 8way -P122,SIC,2,,10965,3,0,,
274,Frame Number Punching,2230097 Female Connector 6way -P122,SIC,4,,10966,0,0,,
275,Frame Number Punching,2210026 6 WAYS CONNECTION F MODULE SUPPORT P122,SIC,4,,11478,4,0,,
276,Frame Number Punching,2230096 8 WAYS CONNECTOR MALE -P122,SIC,4,,11479,3,0,,
277,Frame Number Punching,E10 - CONTROLLER,SIC,2,E10 Controller,15163,1,0,,
278,Frame Number Punching,1120024 STYLUS GUIDE  100 MM,SIC,2,P123,16979,0,0,,
279,Frame Number Punching,1120014 STYLUS - Stylus pin,SIC,4,P123 Solenoid coil front side piece,10961,3,0,,
280,Frame Number Punching,2120006 STYLUS SPRING,SIC,4,Spring,10257,13,0,,
281,Frame Number Punching,DNC-40-100-PPV CYLINDER FESTO,FESTO,4,Fixture pneumatic cylinder,7800,0,0,,
282,Frame Number Punching,4100406 SOLENOID ASSEMBLY FOR E6/E8,SIC,3,Solenoid Assy,14377,1,0,,
283,Frame Number Punching,LM GUIDE RAIL FOR P122,SIC,2,,16980,1,0,,
284,Frame Number Punching,GUIDE RAIL BLOCK P122 MGW-12-HIWIN,SIC,2,,16981,1,0,,
285,Frame Number Punching,2230199 MOTOR 42x42,SIC,2,P123,16982,1,0,,
286,Frame Number Punching,2230089 MOTOR 42x42 LG33 2ALA16F70 CAB,SIC,2,P122,16983,1,0,,
287,Frame Number Punching,1120253 Y MOTOR GEAR,SIC,2,,16984,1,0,,
288,Frame Number Punching,3100438 LINKING CABLE 10M FOR P123,SIC,2,Controller to Marking Head Cable P123,16985,1,0,,
289,Frame Number Punching,2120307 X AXIS BELT P123,SIC,2,,16986,1,0,,
290,Frame Number Punching,P123 MARKING HEAD ASSLY,SIC,2,P123 Marking Head,16061,0,1,,
291,Diesel Machine,V-Belt A-37,,1,,4899,6,0,,
292,Diesel Machine,Diaphragm Pump Repair Kit D07001,,1,,12909,2,0,,
293,Grease Pump,140401390 HOSE ASSY.GREASE 10M,ELGI,1,,2398,1,1,1 one order 28/11/22,
294,Grease Pump,130401350 GREASE HOSE 7.5 MTRS AH4,ELGI,1,,15111,0,0,,
295,Grease Pump,Grease gun (X130014 GREASE GUN ASSY. AH4),ELGI,1,Grease Gun,1055,0,5,,
296,Grease Pump,130400870  MOUTH PIECE ASSY.GREASE,ELGI,1,Grease Gun Mouth Piece,1409,16,30,,
297,Grease Pump,"200325 COUPLER, HYDRAULIC MOUTH PIECE",PATVIN,4,Grease Gun Mouth Piece,18150,30,0,,
298,Grease Pump,Cylinder,ELGI,4,,,,3,,
299,Grease Pump,K1302G1T GREASE PISTON AH4 TUNE UP KIT,ELGI,1,,2461,3,0,,
300,Grease Pump,130526440 NIPPLE TURNING,ELGI,1,,2425,5,0,,
301,Grease Pump,130526450 LOCKING NUT,ELGI,1,,2427,10,0,,
302,Grease Pump,130526150  SEAL CUP,ELGI,1,,6976,6,0,,
303,Grease Pump,130526240 PISTON PACKING RING,ELGI,1,,1441,39,0,,
304,Grease Pump,130526610 CUP WASHER 30101-02-02,ELGI,1,,6390,9,0,,
305,Grease Pump,130525580 TOW ROD ASSY. 10530-11.12,ELGI,1,,7497,2,0,,
306,Grease Pump,130526460 BAND PIPE 106-02A,ELGI,1,,6975,2,0,,
307,Grease Pump,130462520 FILTER AH4,ELGI,1,,14185,37,0,,
308,Grease Pump,130525820 O-RING AH4,ELGI,1,,14186,2,0,,
309,Grease Pump,130525870 O-RING AH4,ELGI,1,,14187,3,0,,
310,Grease Pump,130449240 AIR PISTON,ELGI,1,,1714,4,0,,
311,Grease Pump,130525580 TOW ROD ASSY. 10530-11.12,ELGI,1,,7497,2,0,,
312,Grease Pump,GREASE PUMP ELGI MAKE AH4-200,ELGI,1,Grease Pump,1731,2,0,,
313,Grease Pump,K1301G1T GREASE PUMP AH4 TUNE UP KIT,ELGI,1,,2462,2,0,,
314,Grease Pump,DSBC 32-1000 PPVA N3 CYLINDER  1463254,FESTO,1,,15113,1,0,,
315,Grease Pump,H-5-1/4-B  5/2 WAY HAND LEVER VALVE,FESTO,2,Grease system,9255,1,0,,
316,Grease Pump,DSBC 100-1050 PPVA N3 CYLINDER  1463520,FESTO,2,,15114,1,0,,
317,Grease Pump,GREASE PUMP ELGI MAKE AH4-200,ELGI,3,,1731,2,0,,
318,Oil Pump,"GOVERNING CONTROL ASSY, SA130002",ELGI,1,,1392,0,0,,
319,Oil Pump,"SLINDER SEATING PLATE, 130460961",ELGI,1,,12668,4,0,,
320,Oil Pump,"TOW ROD ASSY 10530-11-12, 130525580",ELGI,1,,7497,2,0,,
321,Oil Pump,"JAW CONTROL 10530-11-17/1, 130461041",ELGI,1,,1391,3,0,,
322,Oil Pump,"PACKING, 130460950",ELGI,1,,12667,2,0,,
323,Oil Pump,"LOCKING PIN 10530-11-05, 130449180",ELGI,1,,,,,,
324,Oil Pump,"FOLLOWER 10530-11-21, 130449200",ELGI,1,,4833,6,0,,
325,Oil Pump,"SPRING, 130467020",ELGI,1,,2459,5,0,,
326,Oil Pump,"O RING AH4, 130525820",ELGI,1,,14186,2,0,,
327,Oil Pump,"O RING AH4, 130525870",ELGI,1,,14187,3,0,,
328,Oil Pump,"OIL SEAL 10530-11-41, 130525890",ELGI,1,,1717,5,0,,
329,Oil Pump,"O RING, 130526550",ELGI,1,,4243,5,0,,
330,Oil Pump,"SEAL OIL, 130450110",ELGI,1,,1401,4,0,,
331,Oil Pump,"CUP WASHER(30101-02-02), 130526610",ELGI,1,,6390,9,0,,
332,Oil Pump,"FILTER, 130526700",ELGI,1,,4834,2,0,,
333,Oil Pump,"CLIP SPRING, 130526710",ELGI,1,,2376,6,0,,
334,Oil Pump,"O RING, 130526570",ELGI,1,,1403,3,0,,
335,Oil Pump,OIL TRANSFER PUMP 200L DRUM ELGI MAKE ,ELGI,1,Oil Pump,7499,0,0,,
336,Oil Pump,130525540 LOCK SPRING AH4,ELGI,1,,15225,5,0,,
337,Oil Pump,130431030 O RING OS6 AH4,ELGI,1,,15230,10,0,,
338,Oil Pump,130467030 SPRING SEAT OIL PUMP,ELGI,1,,15231,2,0,,
339,Oil Pump,130525810 O RING AH4,ELGI,1,,15232,5,0,,
340,Oil Pump,130525850 O RING AH4,ELGI,2,,15234,5,0,,
341,Oil Pump,130439550 O RING,ELGI,2,,15235,4,0,,
342,Oil Pump,130526690 O RING,ELGI,2,,15236,4,0,,
343,Oil Pump,130526740 O RING,ELGI,2,,15237,1,0,,
344,Oil Pump,130526750 WASHER COPPER,ELGI,2,,15238,5,0,,
345,Oil Pump,130526680 O RING,ELGI,2,,15239,3,0,,
346,Oil Pump,"130515400 QUICK COUPLER 1/4""",ELGI,2,,15255,2,0,,
347,Oil Pump,13045019A PIPE ASSY RISER,ELGI,2,,15257,1,0,,
348,Oil Pump,130450100 PLUNGER,ELGI,2,,15256,1,0,,
349,Oil Pump,SA130003 PRESSURE REDUCING VALVE ASSY,ELGI,2,,15258,0,0,,
350,Oil Pump,10530-11-05/1 LOCKING PIN 3DX15,ELGI,2,,1706,7,0,,
351,FAAC Boom Barrier,CAPACITOR 8MFD FOR FAAC 615 STD BOOM BAR,FAAC,2,,15356,0,0,,
352,FAAC Boom Barrier,HYDRAULIC OIL FOR FAAC 615 STD BOOM BARR,FAAC,2,,15354,2,0,,
353,FAAC Boom Barrier,PISTON FOR FAAC 615 STD BOOM BARRIER,FAAC,2,,15357,0,1,,
354,FAAC Boom Barrier,PUMP FOR FAAC 615 STD BOOM BARRIER,FAAC,2,,15353,1,0,,
355,FAAC Boom Barrier,ROUND BOOM 4 MTR. FOR FAAC 615 STD,FAAC,2,,15355,1,0,,
356,FAAC Boom Barrier,SPRING 4 MTR. FOR FAAC 615 STD BOOM BARR,FAAC,2,,15358,0,0,,
357,FAAC Boom Barrier,FAAC CONTROL CARD 615 MODEL BOOM BARRIER,FAAC,2,,13548,1,0,,
358,Dalmec Manipulator,"QUICK EXHAUST 1/8""F 20.28.0034",Dalmec,2,,11062,7,0,,
359,Dalmec Manipulator,LONG ROTARY LEVER SELECTOR 00.79.0208,Dalmec,2,,11068,0,4,,
360,Dalmec Manipulator,"5/3 WAY LEVER VALVE C/CLOSED 1/8"" G 00.79.0099",Dalmec,2,,11066,2,0,,
361,Dalmec Manipulator,FLOW REGULATOR 00.79.0161  FITTING D8,Dalmec,2,,12586,2,0,,
362,Dalmec Manipulator,"PNEU. RELAY 1/2"" G00.34.160, 00.79.0123",Dalmec,2,,12583,1,0,,
363,Dalmec Manipulator,00.79.0460 BASE D4+MONOSTABLE VALVE,Dalmec,2,,15618,3,0,,
364,Dalmec Manipulator,00.79.0191 RED PUSH BUTTON 20200062 D=22,Dalmec,2,,12028,1,2,,
365,Dalmec Manipulator,"GAS NON RETURN VALVE 3/8"" 00.79.0086",Dalmec,2,,12585,1,0,,
366,Dalmec Manipulator,GASKET SET FOR 4 WAY D50 SWIVEL 65.04.0028,Dalmec,2,,11065,2,0,,
367,Dalmec Manipulator,ONE DIRECTION STOP VALVE 1/8 D=4 20.22.0133,Dalmec,2,Clamping cylinder NRV,15536,3,0,,
368,Dalmec Manipulator,00.79.0228 3 POSITIONS LEVER JOYSTICK,Dalmec,2,,12029,1,0,,
369,Dalmec Manipulator,VALVE CLOSED CENTRES D8 00.79.0134,Dalmec,2,,12587,3,0,,
370,Dalmec Manipulator,00.79.0190 BLACK PUSH BUTTON 20200057D22,Dalmec,2,,12027,2,2,,
371,Dalmec Manipulator,"IMPULSE PREFERENTIAL VALVE D4, 00.79.0461",Dalmec,2,,11067,1,0,,
372,Dalmec Manipulator,3/2 WAY VALVE D-4 N/CLOSED 00.79.0219,Dalmec,2,,11064,0,0,,
373,Dalmec Manipulator,5/2 WAY D-4 PANEL MOUNTED VALVE 00.79.0221,Dalmec,2,,11069,0,2,2 nos on order 28/11/22,00.79.0218 & 00.79.0215 Both Included in 11069 Item code part
374,Dalmec Manipulator,INT REGULATOR WITH RELEAVING 1/4 00.79.0272,Dalmec,2,,12584,0,0,,00.79.0484 this no mention on Dalmec part polythene sticker
375,Dalmec Manipulator,5/3 WAY D-4 PANEL MOUNTED VALVE 00.79.0222,Dalmec,2,,11063,0,0,,
376,Dalmec Manipulator,8431056362 AIR MOTOR LZB54-AR001-11,Dalmec (Atlas Copco),2,Tyre rotation motor,15454,1,0,,
377,Dalmec Manipulator,INSERTION VALVE D4 00.79.0126,Dalmec,2,,11061,0,0,,
378,Dalmec Manipulator,GREEN OPTICAL INDITOR PXV D=22 20.18.006,Dalmec,2,,14643,2,0,,
379,Dalmec Manipulator,00.08.0461 CYLINDRO INOX CIANF- D32 H600,Dalmec,4,Tyre clamping cyl,16925,2,0,,
380,Dalmec Manipulator,00.08.0250 CYLINDER D40 H10  CSR 40-10,Dalmec,4,,16924,2,0,,
381,Dalmec Manipulator,00.79.0033 ONE DIRECTION SAFETY VALVE SU,Dalmec,,,19457,2,0,,
382,Dalmec Manipulator,00.79.0160 1/1/1 WAY SELECTOR OR 1/2-3/8,Dalmec,,,19458,2,0,,
383,Dalmec Manipulator,00.79.0175 LOGIC VALVE D4 OR,Dalmec,,,19459,2,0,,
384,Dalmec Manipulator,00.79.0176 LOGIC VALVE D4 AND,Dalmec,,,19460,3,0,,
385,Dalmec Manipulator,20.28.0112 LOGIC ELEMENT NOT 20.28.0085,Dalmec,,,19461,4,0,,
386,Dalmec Manipulator,"00.79.0098 PRESSURE REGULATOR 1/4"" G",Dalmec,,,19462,2,0,,
387,Dalmec Manipulator,00.92.0544 BRAKE PAD D30 H15,Dalmec,,,19463,2,0,,
388,Dalmec Manipulator,00.92.6422 BRAKE PAD FERODO 1 HOLE,Dalmec,,,19464,8,0,,
389,Dalmec Manipulator,00.92.0203 BRAKE PAD D40 H13,Dalmec,,,19465,2,0,,
390,Dalmec Manipulator,20.25.0092 PU TUBE OD 4 TH 0.75 BLUE,Dalmec,50,,19466,0,0,,
391,Dalmec Manipulator,20.25.0093 PU TUBE OD 4 TH 0.75 BLACK,Dalmec,50,,19467,0,0,,
392,Dalmec Manipulator,65.04.0010 GASKET SET FOR CYLINDER D178,Dalmec,,,19468,2,0,,
393,Dalmec Manipulator,"20.17.0024 SILENCER 3/8"" M MODEL AN",Dalmec,,,19469,6,0,,
394,Dalmec Manipulator,20.25.0096 PU TUBE OD 8 TH 1.5 BLUE,Dalmec,50,,19470,0,0,,
395,Dalmec Manipulator,20.25.0097 PU TUBE OD 8 TH 1.5 BLACK,Dalmec,50,,19471,0,0,,
396,Dalmec Manipulator,20.25.0098 PU TUBE OD 12 TH 2 BLUE,Dalmec,50,,19472,0,0,,
397,Dalmec Manipulator,20.25.0099 PU TUBE OD 12 TH 2 BLACK,Dalmec,50,,19473,0,0,,
398,Dalmec Manipulator,LM GUIDE BEARING HGW25CC ZOC,HGW25CC ZOC,8,LM Block for Up/Down Rail,13557,1,0,,
399,Dalmec Manipulator,DS275HC61 1/4-5/3HAND LEVER SP CEN VALVE,Janatics,2,Up/Down Joy Stick Lever,18279,2,7,7 nos on order,
400,Cabtrim Barcode Tap,5324076 SICK BARCODE TAPE MB=140-160MTR,SICK,1,,14732,0,0,,
401,Cabtrim Barcode Tap,5324077 SICK BARCODE TAPE MB=160-180MTR,SICK,1,,14733,0,0,,
402,Cabtrim Barcode Tap,5324078 SICK BARCODE TAPE MB=180-200MTR,SICK,1,,14734,0,0,,
403,Cabtrim Barcode Tap,5324075 SICK BARCODE TAPE MB=120-140MTR,SICK,1,,14731,1,0,,
404,Cabtrim Barcode Tap,BARCODE TAPE 5324080,SICK,1,,14535,1,0,,
405,Cabtrim Barcode Tap,5324071 SICK BARCODE TAPE MB=40TO60MTR,SICK,1,,14726,0,0,,
406,Cabtrim Barcode Tap,5324073 SICK BARCODE TAPE MB=80TO100MTR,SICK,1,,14729,1,0,,
407,Cabtrim Barcode Tap,5324072 SICK BARCODE TAPE MB=60TO80MTR,SICK,1,,14728,0,0,,
408,Cabtrim Barcode Tap,5324069 SICK BARCODE TAPE,SICK,1,,12326,0,0,,
409,Cabtrim Barcode Tap,5324079 SICK BARCODE TAPE MB=200-220MTR,SICK,1,,14735,1,0,,
410,Cabtrim Barcode Tap,5324074 SICK BARCODE TAPE MB=100-120MTR,SICK,1,,14730,0,0,,
411,Cabtrim Barcode Tap,5324070 SICK BARCODE TAPE MB=20TO40MTR,SICK,1,,14725,0,0,,
412,Norfi,24-4160-150 SAFETY COUPLING FOR HOSE 150,Norfi,,,101324,20,0,,
413,Norfi,00-6060-142 BOWDEN WIRE MANTLE 1420 MM,Norfi,,,11347,5,0,,
414,Norfi,"22-145-200 BOWDENWIRE, LENGTH 2000 MM",Norfi,,,101183,5,0,,
415,Norfi,24-4146-055 HOSE RELIEVING ROPE CPL,Norfi,,,101325,15,0,,
416,Norfi,24-4146-025 HOSE RELIEVING ROPE CPL.,Norfi,,,101326,15,0,,
417,Norfi,24-156-150 HOSE CLAMP DIA 140-160 MM,Norfi,,,101320,8,0,,
418,Norfi,30-4142-150 SUCTION TROLLEY AUTOMATIC,Norfi,,,12418,0,0,,
419,Norfi,26-4934-157 EXHAUST GAS NOZZLE FOR TRUCK,Norfi,,,101185,14,0,,
420,Norfi,32-4140-004 BALL BEARED WHEEL,Norfi,,,101182,18,0,,
421,Norfi,20-967-150 EXHAUST GAS HOSE TYPE NR CP,Norfi,,,101179,22,0,,
422,Norfi,26-4934-157 EXHAUST GAS NOZZLE FOR TRUCK,Norfi,,Mouth Piece,101185,14,0,,
423,Norfi,24-4155-150 HOSE SUSPENSION DIA 150 CPL,Norfi,,,101322,5,0,,
424,Norfi,37-250-127 ROPE FOR HOSE HOIST,Norfi,,,101180,0,0,,
425,Norfi,"22-145-400 BOWDENWIRE, LENGTH 4000 MM",Norfi,,,101323,5,0,,
426,Norfi,24-158-150 PROTECTION RUBBER FOR HOSE CL,Norfi,,,101321,5,0,,
427,Norfi,37-260-013 CURRENT COLLECTOR 40/100,Norfi,,"Current collector same as ATS EMS Cabtrim line, but not required bcs Norfi not move in Auto Mode",101318,0,0,,
428,Norfi,37-250-224 FRICTION WHEEL FOR DRIVE UNIT,Norfi,,"Current collector same as ATS EMS Cabtrim line, but not required bcs Norfi not move in Auto Mode",101319,4,0,,
429,Norfi,37-250-175 CIRCUIT BOARD,Norfi,,,101327,2,0,,
430,Norfi,37-4250-181 SPINDLE LIMIT SWITCH,Norfi,,,101328,3,0,,
431,Norfi,00-6060-420 BOWDEN WIRE MANTLE 4200MM,Norfi,,,11346,7,0,,
432,Norfi,24-4160-005 SAFETY COUPLING COMPLETE,Norfi,,,11348,7,0,,
433,Norfi,12-110-016 SEALING LIP / NEOPRENE,Norfi,,,12406,59,0,,
434,Norfi,12-010-006 RETAINING STRIP LENGTH 1 M,Norfi,,,12407,4,0,,
435,Urea Filling Machine,F0020309 DIAPHRAGM PUMP 230V/50Hz WITH C,,1,Main pump,17056,0,0,,
436,Urea Filling Machine,F00617510 DISCHARGE NOZZLE,,2,Nozzle,17052,0,0,,
437,Urea Filling Machine,F15883000 DELIVERY HOSE EPDM 6 MTR.,,,Hose Delivery,17053,1,0,,
438,Urea Filling Machine,F00611D10 CARTRIDGE FILTER,,,Filter,17054,2,0,,
439,Urea Filling Machine,F0040721B PULSE METER K24,,,,17055,2,0,,
440,Urea Filling Machine,R16203900A NOZZLE HOLDER,,,,17057,3,0,,
441,Urea Filling Machine,R17111000 SWITCH FOR NOZZLE BOOT WITH CA,,,,17058,2,0,,
442,Urea Filling Machine,R20240000 PANN S.SERVICE MC230V/56-60Hz,,,,17059,2,0,,
443,Robot Kuka Glass Gluing ,"Accumulator batteryCP1250H
12V/5,0/5,2Ah
115723",Kuka,2,Required,13678,25,0,,
444,Robot Kuka Glass Gluing ,"KR C4 Standard SIB
186834",Kuka,1,Required,,,,,
445,Robot Kuka Glass Gluing ,"27V IP54 supply
169213",Kuka,1,,15059,1,0,,
446,Robot Kuka Glass Gluing ,"Electronic Data Storage EDS
172903",Kuka,1,,15051,3,0,,
447,Robot Kuka Glass Gluing ,"Fan DC 190mm
171602",Kuka,1,,15049,3,0,,
448,Robot Kuka Glass Gluing ,"CCU complete KRC4 & KRC4Ext
235627",Kuka,1,"In Qtn Sr No 06 (11,12,13,14 included)",14601,2,0,,
449,Robot Kuka Glass Gluing ,"KPP 600-20 1x40 UL
198260",Kuka,1,,12149,1,1,,
450,Robot Kuka Glass Gluing ,"KSP 600 3x20 UL
198266",Kuka,1,,12355,1,0,,
451,Robot Kuka Glass Gluing ,"KSP 600 3x40 UL
198268",Kuka,1,,12152,2,0,,
452,Robot Kuka Glass Gluing ,"DC-radial fan 24V, Pabst
250623",Kuka,1,Required,,,,,
453,Robot Kuka Glass Gluing ,"KPC MC - SSD assy
195245",Kuka,1,,,,,,
454,Robot Kuka Glass Gluing ,"CPU fan 4412/2HP-570
212626",Kuka,1,,,,,,
455,Robot Kuka Glass Gluing ,"Mainboard FTS D3445-K
271601",Kuka,1,,,,,,
456,Robot Kuka Glass Gluing ,"Memory 2GB, DDR4
285803",Kuka,1,,,,,,
457,Robot Kuka Glass Gluing ,"EtherCAT coupler EK1100
IN10000",Kuka,1,Required,14594,3,0,,
458,Robot Kuka Glass Gluing ,"Buscouppler EtherCAT - DN-SL EL6752-0010
IN10001",Kuka,1,Required,,,,,
459,Robot Kuka Glass Gluing ,"Resolver Digital Converter RDC
246872",Kuka,1,Required,14994,2,0,,
460,Robot Kuka Glass Gluing ,"SPP AC servomotor I2/1FK7101
192295",Kuka,1,Need to be Discussed,,,,,
461,Robot Kuka Glass Gluing ,"SPP AC servomotor D01/1FK7063
192297",Kuka,1,,,,,,
462,Robot Kuka Glass Gluing ,"KUKA Recovery USB Stick 3.0
250424",Kuka,1,Required,18467,1,0,,
463,Robot Kuka Glass Gluing ,"SEMD mastering set
228934",Kuka,1,Not Required,,,,,
464,Robot Kuka Glass Gluing ,SY7120-5DZ-02,SMC,2,,17311,1,0,,
465,Robot Kuka Glass Gluing ,SS5Y7-20-07,SMC,5,,,,,,
466,Robot Kuka Glass Gluing ,ISE30A-01-P-L,SMC,1,,,,,,
467,Robot Kuka Glass Gluing ,AC20-X2T522,SMC,1,,,,,,
468,Robot Kuka Glass Gluing ,AR20K-02BG1-B,SMC,1,,,,,,
469,Robot Kuka Glass Gluing ,AW40-04-B,SMC,1,,11581,0,0,,
470,Robot Kuka Glass Gluing ,CP96SDB50-150C-M9PZ,SMC,1,,,,,,
471,Robot Kuka Glass Gluing ,CP96SDB50-100+90C-M9PZ4,SMC,1,,,,,,
472,Robot Kuka Glass Gluing ,CP96SDB50-100C-M9PZ,SMC,1,,,,,,
473,Robot Kuka Glass Gluing ,"D-M9P, VZK",SMC,1,,14483,5,0,,
474,Robot Kuka Glass Gluing ,IR 1000-01 PRECISION REGULATOR,SMC,2,,,,,,
475,Robot Kuka Glass Gluing ,"N3261002, SN 1799451",DURR,1,,,,,,
476,Robot Kuka Glass Gluing ,Type - N32280012,DURR,1,,,,,,
477,Robot Kuka Glass Gluing ,PK-M-0150-XL0327,GEFRAN,1,,,,,,
478,Robot Kuka Glass Gluing ,PK-M-0250-XL0327,GEFRAN,1,,,,,,
479,Robot Kuka Glass Gluing ,CB-PN100,KEYENCE,1,,,,,,
480,Robot Kuka Glass Gluing ,CMP71M/KY/AK1H/SM1,SEW,1,,,,,,
481,Robot Kuka Glass Gluing ,"5906245, SN 1368835",SEW,1,,,,,,
482,Robot Kuka Glass Gluing ,"13324551, SN 1145504",SEW,1,,,,,,
483,Robot Kuka Glass Gluing ,PSKF122 CMP40M/KY/AK0H/SM1,SEW,1,,,,,,
484,Robot Kuka Glass Gluing ,MDX61B0040-5A3-4-0T/DEH11B/DFS21B,SEW,1,,,,,,
485,Robot Kuka Glass Gluing ,P/N 08249571,SEW,1,,,,,,
486,Robot Kuka Glass Gluing ,"MDX60A-0040-5A3-4-00, P 08227209",SEW,1,,,,,,
487,Robot Kuka Glass Gluing ,8022720,SEW,1,,,,,,
488,Robot Kuka Glass Gluing ,"HMI, 6AV7241-5BA07-0GA1",SIEMENS ,1,,,,,,
489,Robot Kuka Glass Gluing ,"PLC, 6ES7 590-1AB60-0AA0",SIEMENS ,1,,,,,,
490,Robot Kuka Glass Gluing ,NG1SM-510L024-M,TEKNIC EUCHNER,1,,,,,,
491,Robot Kuka Glass Gluing ,"Transmitter 0 to 400bar, 110B79NE, 14272104",WIKA,1,,,,,,
492,Robot Kuka Glass Gluing ,ZP2-63HCL VACCUM PAD,SMC,5,Vacuum pad for Glass holding,18362,0,0,,
493,Robot Kuka Glass Gluing ,M29020063 BEARING FLANGE\80x80x6 d64,DURR India Pvt Ltd,1,"DURR, 2K Eco gun parts",13349,0,0,,
494,Robot Kuka Glass Gluing ,"M04020063 PINION\z30 M2,5 d16 B13",DURR India Pvt Ltd,1,,13350,1,0,,
495,Robot Kuka Glass Gluing ,"M04020067 PINION\z24 M2,5 d12 B9",DURR India Pvt Ltd,1,,13351,1,0,,
496,Robot Kuka Glass Gluing ,"M04020068 PINION\z19 M2,5 d25 B43",DURR India Pvt Ltd,1,,13352,2,0,,
497,Robot Kuka Glass Gluing ,"M04020069 PINION\z13 M2,5 d12 B13",DURR India Pvt Ltd,1,,13353,1,0,,
498,Robot Kuka Glass Gluing ,"M29010119 ECOGUN GLUING C2K 82,5x70x70",DURR India Pvt Ltd,1,,13354,1,0,,
499,Robot Kuka Glass Gluing ,"M04080818 ECOGUN GLUING C2K D25 M35x1,5",DURR India Pvt Ltd,1,,13355,1,0,,
500,Robot Kuka Glass Gluing ,M29020062 BEARING FLANGE\D47 d40 L20 AI,DURR India Pvt Ltd,1,,13356,1,0,,
501,Robot Kuka Glass Gluing ,M28600016 BALL TYPE NIPPLE\d16 D26 L36,DURR India Pvt Ltd,1,,13357,0,0,,
502,Robot Kuka Glass Gluing ,"M08030716 O-RING\15x2,5 75SH SW FPM(FKM)",DURR India Pvt Ltd,1,,13358,0,0,,
503,Robot Kuka Glass Gluing ,M28040013 GROOVED BALL BEARING\40x68x15,DURR India Pvt Ltd,1,,13359,15,0,,
504,Robot Kuka Glass Gluing ,M28040018 GROOVED BALL BEARING\25x47x12,DURR India Pvt Ltd,1,,13360,0,0,,
505,Robot Kuka Glass Gluing ,M28040010 GROOVED BALL BEARING\12x28x8,DURR India Pvt Ltd,1,,13361,0,0,,
506,Robot Kuka Glass Gluing ,"D04710016 CIRCLIP\25x1,2 DIN471 St",DURR India Pvt Ltd,1,,13362,6,0,,
507,Robot Kuka Glass Gluing ,D68850050 FEATHER KEY\A 8x7x25 DIN6885,DURR India Pvt Ltd,1,,13363,0,0,,
508,Robot Kuka Glass Gluing ,D63250001 SHAFT PIN\3m6x10 DIN6325,DURR India Pvt Ltd,1,,13364,0,0,,
509,Robot Kuka Glass Gluing ,D79910003 COUNTERSUNK BOLT M6x16 DIN7991,DURR India Pvt Ltd,1,,13365,0,0,,
510,Robot Kuka Glass Gluing ,M34130015 MIXING TUBE\KPL.F.ECOGUN GLUIN,DURR India Pvt Ltd,1,,13366,0,0,,
511,Robot Kuka Glass Gluing ,"PH25-80N HEATING HOSE 1""x8M TEFLON",Patvin ,1,Heated Hose,19789,1,0,,
512,Robot Kuka Glass Gluing ,"PH25-020N HEATING HOSE 1""x2M",Patvin ,1,Heated Hose,19790,1,0,,
513,Robot Kuka Glass Gluing ,KHP160150 HEATING HOSE 3/4x1.5 TEFLON,Patvin ,1,Heated Hose,19791,1,0,,
514,Robot Kuka Glass Gluing ,HARD DISK 480 GB,Hard Disk,1,HMI  back side Harddisk,18864,0,0,,
515,Apex U Bolt,"4B660A, No. 935781",Cleco,4, Spindle base unit Cleco,,,,"Not required, because complete spindle to be kept in spare",Indent under discussion
516,Apex U Bolt,Offset Gear 934354,Cleco,4, Spindle offset gear,,,,,Indent under discussion
517,Apex U Bolt,"Type - TSE, No.961446PT, Sr. No. 021836, 380vDC Tool servo drive",Cleco,4,Spindle back side power entry cable unit Cleco,,,,1 more need to be ordered,Indent under discussion
518,Apex U Bolt,"Jelonnek-961510PT
Pri - 400/230v, 50-60Hz
Sec - 270/156v, 6.41A",Jelonnek,1,Transformer ,,,,1 qty need to be ordered,Indent under discussion
519,Apex U Bolt, Highflex PS3-BTS with connectors both side 1Mtr cable,DGD,5,"Spindle Cable DGD
1Mtr",,,,To be segregated different part no. for each cable,Indent under discussion
520,Apex U Bolt, Highflex PS3-BTS with connectors both side 10Mtr cable,DGD,5,"Spindle Cable DGD
10Mtr",,,,To be segregated different part no. for each cable,Indent under discussion
521,Apex U Bolt, Highflex PS3-BTS with connectors both side 15Mtr cable,DGD,5,"Spindle Cable DGD
15Mtr",,,,To be segregated different part no. for each cable,Indent under discussion
522,Apex U Bolt, Highflex PS3-BTS with connectors both side 961104-200 TOOL CABLE,DGD,5,"Spindle Cable DGD
20 Mtr",18573,1,0,On order,
523,Apex U Bolt, Highflex PS3-BTS with connectors both side 961109-100 JUNCTION CABLE,DGD,5,"Spindle Cable DGD
20 Mtr",19891,1,0,On order,
524,Apex U Bolt,DGD Terminator,DGD,4,DGD Terminator,,,,1 on order,
525,Apex U Bolt,"mPro400SG,S961450-150,s/n-A84846",Cleco,1,Controller Touch Screen ,18575,0,0,Available at axle line. Confirmed (part number its same),
526,Apex U Bolt,"Apex, CPM3, Sr No 0004668
96112",Apex,1, Drive,,,,1 on order,
527,Apex U Bolt,"4VK3B, No. 934354, Sr. No. 167796 Transducer for U-bolt spindle",Cleco,4,Transducer for U-bolt spindle,,,,1 qty need to be ordered,Indent under discussion
528,Apex U Bolt, 4BTS-4B660A-4VK3B U-bolt spindle 947603A3,Cleco,4,Spindle Cleco,18570,1,0,1 more complete spindle to be ordered,Indent under discussion
529,Apex U Bolt,"S7-1200 simatic,
CPU-1214C,
I/P & O/P module - SM-1223,6ES7-223-1PL32-0XB0",Siemens,1,PLC S7 -1200 Simatic,,,,Item code 18189 plc available in store . Need to check with machine PLC part number,Indent under discussion
530,Apex U Bolt,"PSU100l,Siemens-6EP1336-1LB00
DC24v, 20Amp",Siemens,1,SMPS (Main panel side),7986,0,0,1 qty need to be ordered,Indent under discussion
531,Apex U Bolt,"KTP-900 Basic,6AV2-123-2JB03-0AX0",Siemens,2,Operator HMI,18520,1,1,1 more qty to be order,Indent under discussion
532,Apex U Bolt,"10A,CS10",,1,SMPS (Controller panel),,,,17781 part no. 12.5Amp 24V available at store,Indent under discussion
533,Apex U Bolt,Siemens-3RF2430-1AC45,Siemens,2,Main contactor,,,,1 qty need to be ordered,Indent under discussion
534,Apex U Bolt,"KP20-2000, 178459",FESTO,2,Tilting unit valve Festo,18361,1,0,,
535,Apex U Bolt,EMCA-EC67S1TE DIO 8061196KD08 IP54 DRIVE,FESTO,2,Festo Drive (For Pitch Adjustment),19951,1,0,,
536,Apex U Bolt,NEBC-D12G4-ES-0.5-S-D12G4-ET COMM. CABLE,FESTO,1,Communication cable for FESTO Pitch Adjustment Drive (Above),19952,1,0,,
537,Apex U Bolt,NEEDLE BEARING NK 38/30,,4,Bearing,17590,17,10,On order,Indent given at stores
538,Apex U Bolt,RPMI35800L PMI LINEAR RAIL,,2,LM Rail ,20928,2,0,to be ordered,Indent under discussion
539,Apex U Bolt,LINEAR BLOCK BPMI35 PMI,,4,LM Block for Up/Down Rail,20671,0,8,to be ordered,Indent under discussion
540,Apex U Bolt,Hoist,,,,,,,,Indent under discussion
541,Apex U Bolt,EPOS Trolley,,,,,,,,Indent under discussion
542,Apex U Bolt,Cable trolley,,,,,,,,Indent under discussion
543,Apex U Bolt,Handle,,,,,,,,Indent under discussion
544,Apex U Bolt,SAFETY BELT HSG-15-1.8,Kapras,2,,,,,Indent in process,Indent under discussion
545,Apex U Bolt,SPINDLE HOUSING 3218-01-400-25-A,Kapras,4,,,,,Indent in process,Indent under discussion
546,Apex U Bolt,SPINDLE SPRING -APX 3218-01-400-25-A,Kapras,4,,,,,Indent in process,Indent under discussion
547,Apex U Bolt,DRIVE SHAFT -APX 3218-01-400-27-A,Kapras,4,,,,,Indent in process,Indent under discussion
548,Apex U Bolt,SPRING GUIDE-APX 3218-01-400-30-A,Kapras,4,,,,,Indent in process,Indent under discussion
549,Apex U Bolt,"Lead Screw Assembly-LH consists of Lead screw
-Nut – LH
-Nut mtg bkt 3218-01-410-00-A",Kapras,1,,,,,Indent in process,Indent under discussion
550,Apex U Bolt,"Lead Screw Assembly-RH consists of Lead screw
-Nut – LH
-Nut mtg bkt 3218-01-420-00-A",Kapras,1,,,,,Indent in process,Indent under discussion
551,Apex U Bolt,Spindle motor for  4BTS-4B660A-4VK3B,Apex,4,Spindle Motor for U-bolt machine,,,,1 motor to be ordered,Indent under discussion
552,Praja EMS ,ROLLER COUPLED WITH MOTOR W/O BEARING,Praja,2,Praja EMS drive wheel,16941,0,2,,
553,Praja EMS ,ROLLER 200x50 WITH BEARING 6006,Praja,4,Praja EMS Idler Wheel,16940,1,2,,
554,Praja EMS ,ROLLER 50 x 18 WITH BEARING 6202-ZZ,Praja,10,Praja EMS Guide Wheel,16942,2,0,,
555,Praja EMS ,1090004 SIDE GUIDE ROLLER ASSEMBLY.,Praja,10,Praja EMS Guide Wheel,12159,3,0,,
556,Engine & Cabin TAL EMS,340471281009 DRIVE WHEEL ASSEMBLY,TAL,8,Drive wheel TAL EMS,15093,11,0,,
557,Engine & Cabin TAL EMS,340471281010 IDLER ROLLER,TAL,10,Idler Wheel TAL EMS,15096,4,0,,
558,Engine & Cabin TAL EMS,340471281007 UPPER SIDE WHEEL ASSEMBLY,TAL,10,Upper side guide wheel TAL EMS,15094,25,0,,
559,Engine & Cabin TAL EMS,340471281008 LOWER SIDE WHEEL ASSEMBLY,TAL,10,Lower side guide wheel TAL EMS,15095,3,0,,
560,Engine & Cabin TAL EMS,SINGLE CURRENT COLLECTOR KDS 2/40 PHASE,TAL,50,Current collector TAL EMS,11344,40,60,,
561,Engine & Cabin TAL EMS,ALLEN STUD 12x50 TAL EMS BOLT,Local,1000,C channel to Aluminium track mounting bolt (Grub screw),21068,50,0,,
562,ATS EMS,99060501 MOTOR ROLLER D160 x 40 WITH PU,ATS,15,Drive wheel ATS EMS Cabtrim ,12321,0,15,On order 15 nso ,
563,ATS EMS,830660753 ATS IDLER WHEEL DIA 160 x 40 W,ATS,25,Idler wheel ATS EMS Cabtrim,14656,10,0,,
564,ATS EMS,34010001 GUIDE ROLLER ASSY.WITH SHAFT,ATS,60,Guide wheel ATS EMS Cabtrim,12320,4,100,On order 100nso ,
565,ATS EMS,241035155 PARALLELARM COLLECTOR PASK30  ,ATS,75,Cabtrim ATS EMS & Norfi Current Collector,12157,55,0,,
566,ATS EMS,99067615 AL.BEND CURVE 45 DEG 504 V2 (R),ATS,5,Curve switch ATS EMS,18047,1,0,,
566,ATS EMS,EMS AL TRACK BEND 60 DEGREE RADIOUS 2000,ATS,5,Curve switch ATS EMS,18048,0,0,,
566,ATS EMS,99067618 AL.BEND CURVE 45 DEG 504 V2LEFT,ATS,5,Curve switch ATS EMS,17912,1,0,,
569,Cabtrim ,6SL3224-0BE13-7UA0 SINAMICS G120 PM240,Siemens,1,LMD Cabtrim RIO Panel - 2,13484,2,0,,
570,Cabtrim ,6SL32440BB121FA0 G120-CU240E-2PN,Siemens,1,LMD Cabtrim RIO Panel - 2,11796,0,5,,
571,Cabtrim ,"6EP0 133-3AA00-0AA1, 24VDC, 5 AMP",Siemens,1,LMD Cabtrim RIO Panel - 2,,0,,,
572,Cabtrim ,6SL32440BB121FA0 G120-CU240E-2PN,Siemens,10,LMD Cabtrim RIO Panel - 1,11796,0,5,,
573,Cabtrim ,6SL3224-0BE15-5UA0,Siemens,10,LMD Cabtrim RIO Panel - 1,,0,,,
574,Cabtrim ,6AV6 644-0AB01-2AX0,Siemens,5,HMI Main for Carrier Operating,,0,,,
575,Cabtrim ,6SL32240BE175UAO SINAMICS G120 SIEMENS,Siemens,1,New PRB VFD Power Module,11795,0,1,,
576,Cabtrim ,6SL3224-0BE13-7UA0 SINAMICS G120 PM240,Siemens,5,PRB Motor VFD Power Module,13484,2,0,,
577,Cabtrim ,6SL3244-0BB12-1PA1 Control device,Siemens,15,ATS EMS Carrier Panel VFD Control Unit,13533,1,0,,
578,Cabtrim ,AMS101225 SPECIAL BOLT M12xM10x25L,Local,1000,PRB roller shaft bolt,20017,30,0,,
579,Cabtrim ,ROLLER COATING QRC TYPE NYLON 80X80X150,Local,500,PRB roller teflon coating cover,18068,42,0,,
580,Cabtrim ,63020214 SHAFT DIA 30 FOR ACC CONVEYOR,Local,10,ACC conveyor shaft,16474,0,1,,
581,Cabtrim ,SHAFT DIA 32X1310 FOR PRB CONVEYOR,Local,100,PRB roller shaft,21067,1,1,,
582,Manual Sealant Gun ,"PowerCure Battery Li-Ion 18V 2Ah
494106",SIKA,,,,,,,
583,Manual Sealant Gun ,"PowerCure Spare Plunger
494109",SIKA,,,,,,,
584,Manual Sealant Gun ,"PowerCure Spare Plunger Clip
494111",SIKA,,,,,,,
585,Manual Sealant Gun ,"PowerCure Spare Barrel Alu
579562",SIKA,,,,,,,
586,Manual Sealant Gun ,"PowerCure Spare Bayonet Sleve
494114",SIKA,,,,,,,
587,Manual Sealant Gun ,"PowerCure Spare Tooth Rack
494119",SIKA,,,,,,,
588,Manual Sealant Gun ,"PowerCure Spare Tooth Rack Cover
494115",SIKA,,,,,,,
589,Manual Sealant Gun ,"PowerCure Charger EU/CH 230V
494116",SIKA,,,,,,,
590,Prosit System,OBD CABLE 20M,Pragati Solution,1,OBD CABLE 20M,18440,10,0,,
591,Prosit System,BRIO SCANNER,Pragati Solution,1,BRIO SCANNER,18441,3,0,,
592,Pitman Arm Desautter ,6159175430 CABLE EME CVI 15M,Desautter,1,Power cable Pitman arm Desautter,15733,1,1,,
593,Sterring Gear Box Sub-Assy DCNR,QST90-1000CT-T50-L152-H25,Atlas Copco,1,Spindle Sterring Gear Box Sub-Assy DCNR,NA,,,,
594,LMD EOLT,A-B195-M-27005-087 ABS CABLE CONNECTOR,,1,ABS spiral cable (Round type connector),12310,3,0,,
595,LMD EOLT,3024091 CABLE SERIAL 120FT,,1,ABS cable from main panel to spiral cable connector ((Round type connector)),12773,3,0,,
596,LMD EOLT,DIAGNOSTIC CABLE,,10,ABS cable D-Type 9 pin connector & other side round connector which was connect with vehicle,12986,0,10,,
597,TOD,6AV21240JC010AX0 HMI TP 900 SIMATIC,Siemens,1,TOD HMI,15571,0,1,,
598,TOD,6ES71518FB010ABO SIEMENS ET200MP IMI151,Siemens,1,IM Module,11785,1,0,,
599,TOD,6GK57341FX000AA0 SCALANCE W734-1RJ45,Siemens,2,Client Module Top side panel fitted,14807,2,0,,
600,TOD,6SL32440BB121FA0 G120-CU240E-2PN,Siemens,2,VFD control unit Top side panel fitted,11796,0,5,,
601,TOD,6SL3210-1PE12-3UL1 POWER MODULE PM240-2,Siemens,2,VFD power unit Top side panel fitted,17568,1,1,,
602,TOD,3TF34 00-0B,Siemens,10,Contactor,,,,,
603,TOD,Scalance W700,Siemens,1,Scalance module Top side panel fitted,,,,,
,TOD,"Wire rope D=12,5 sZ galv part no -3300099",sparkline,58.4 MTR,for front & rear hoist,20488,29.4MTR,,,
,TOD,,,,,,,,,
,TOD,,,,,,,,,
,,,,,,,,,,
603,Front & Rear axle trolley ,VSM48-006-20CEB,Crompton Greaves,2,VFD CG,,,,,
604,Front & Rear axle trolley ,OMRON SYSMAC CP1E,Omron,2,PLC Omron,,,,,
605,Front & Rear axle trolley ,S8FS-C05024 POWER SUPPLY 24VDC 2.2AMP,Omron,2,SMPS,19071,1,0,,
606,RFID,"BL20-PG-EN-V3, 6827393, PG-EN-V3",Turck,5,LAN module,,,,,
607,RFID,"BL20-2RFID-A, 6827233",Turck,5,2 RFID reader connect,,,,,
608,RFID,"TNLR-Q80-H1147, H6GTJ",Turck,10,RFID reader yellow colour,,,,,
609,RFID,6AV21240GC010AX0 HMI TP700 COMFORT,Siemens,1,TP700 COMFORT HMI,15583,1,0,,
610,FP line ,Festo valve 5/2 ,Festo,1,FP new & old conveyor pusher valve ,100599,2,,,
611,,,,,,,,,,
612,,,,,,,,,,
613,,,,,,,,,,
614,,,,,,,,,,
615,,,,,,,,,,
616,,,,,,,,,,
617,,,,,,,,,,
618,,,,,,,,,,
619,,,,,,,,,,
620,,,,,,,,,,
621,,,,,,,,,,
622,,,,,,,,,,
623,,,,,,,,,,
624,,,,,,,,,,
625,,,,,,,,,,
626,,,,,,,,,,
627,,,,,,,,,,
566,ATS EMS,GALVANISED WIRE ROPE DIA 8 RIGHT 11.5 mtr length,ATS,15,ATS EMS CRs wire rope,17882,,,,
566,ATS EMS,GALVANISED WIRE ROPE DIA 8 LEFT 11.5 mtr length,ATS,15,ATS EMS CRs wire rope,17883,,,,